ODKAZ;KLUCOVE SLOVO;TOP
https://cancer.osu.edu/blog/cancer-and-food-whole-grains;grains diet;whole grains
https://cancer.osu.edu/blog/cancer-and-food-whole-grains;grains diet;grains food
https://cancer.osu.edu/blog/cancer-and-food-whole-grains;grains diet;what is grains
https://cancer.osu.edu/blog/cancer-and-food-whole-grains;grains healthy;healthy whole grains
https://cancer.osu.edu/blog/cancer-and-food-whole-grains;grains healthy;whole grains
https://cancer.osu.edu/blog/cancer-and-food-whole-grains;grains healthy;healthy food
https://cancer.osu.edu/blog/cancer-and-food-whole-grains;diet grain;grain free diet
https://cancer.osu.edu/blog/cancer-and-food-whole-grains;diet grain;grain free
https://cancer.osu.edu/blog/cancer-and-food-whole-grains;diet grain;whole grain
https://diatribe.org/type-1-diabetes-new-studies-vegan-and-moderate-carbohydrate-diets-type-1-diabetes;diabetes nutrition;nutrition for diabetes
https://diatribe.org/type-1-diabetes-new-studies-vegan-and-moderate-carbohydrate-diets-type-1-diabetes;diabetes nutrition;nutrition and diabetes
https://diatribe.org/type-1-diabetes-new-studies-vegan-and-moderate-carbohydrate-diets-type-1-diabetes;diabetes nutrition;nutrition facts
https://diatribe.org/type-1-diabetes-new-studies-vegan-and-moderate-carbohydrate-diets-type-1-diabetes;diabetes eat;what to eat diabetes
https://diatribe.org/type-1-diabetes-new-studies-vegan-and-moderate-carbohydrate-diets-type-1-diabetes;diabetes eat;type 2 diabetes
https://diatribe.org/type-1-diabetes-new-studies-vegan-and-moderate-carbohydrate-diets-type-1-diabetes;diabetes eat;sugar diabetes
https://diatribe.org/type-1-diabetes-new-studies-vegan-and-moderate-carbohydrate-diets-type-1-diabetes;adding diabetes;what is diabetes
https://diatribe.org/type-1-diabetes-new-studies-vegan-and-moderate-carbohydrate-diets-type-1-diabetes;adding diabetes;type 2 diabetes
https://diatribe.org/type-1-diabetes-new-studies-vegan-and-moderate-carbohydrate-diets-type-1-diabetes;adding diabetes;diabetes mellitus
https://doh.wa.gov/community-and-environment/food/fish/health-benefits;healthy fish;is fish healthy
https://doh.wa.gov/community-and-environment/food/fish/health-benefits;healthy fish;healthy fish recipes
https://doh.wa.gov/community-and-environment/food/fish/health-benefits;healthy fish;healthy recipes
https://doh.wa.gov/community-and-environment/food/fish/health-benefits;diet fish;diet food
https://doh.wa.gov/community-and-environment/food/fish/health-benefits;diet fish;fish oil
https://doh.wa.gov/community-and-environment/food/fish/health-benefits;diet fish;healthy diet
https://doh.wa.gov/community-and-environment/food/fish/health-benefits;healthy diet;diet food
https://doh.wa.gov/community-and-environment/food/fish/health-benefits;healthy diet;healthy food diet
https://doh.wa.gov/community-and-environment/food/fish/health-benefits;healthy diet;healthy food
https://health.clevelandclinic.org/cottage-cheese-benefits;cheese diet;cheese for diet
https://health.clevelandclinic.org/cottage-cheese-benefits;cheese diet;cheese keto
https://health.clevelandclinic.org/cottage-cheese-benefits;cheese diet;cheese keto diet
https://health.clevelandclinic.org/cottage-cheese-benefits;cheese healthy;is cheese healthy
https://health.clevelandclinic.org/cottage-cheese-benefits;cheese healthy;cream cheese
https://health.clevelandclinic.org/cottage-cheese-benefits;cheese healthy;healthy cream cheese
https://health.clevelandclinic.org/cottage-cheese-benefits;cottage cheese;cottage cheese recipe
https://health.clevelandclinic.org/cottage-cheese-benefits;cottage cheese;good cottage cheese
https://health.clevelandclinic.org/cottage-cheese-benefits;cottage cheese;cottage cheese recipes
https://livelyrun.com/from-the-farmer/15-health-benefits-cheese/;osteoporosis cheese;calcium
https://livelyrun.com/from-the-farmer/15-health-benefits-cheese/;osteoporosis cheese;what is osteoporosis
https://livelyrun.com/from-the-farmer/15-health-benefits-cheese/;osteoporosis cheese;milk
https://livelyrun.com/from-the-farmer/15-health-benefits-cheese/;cheese healthy;is cheese healthy
https://livelyrun.com/from-the-farmer/15-health-benefits-cheese/;cheese healthy;cream cheese
https://livelyrun.com/from-the-farmer/15-health-benefits-cheese/;cheese healthy;healthy cream cheese
https://livelyrun.com/from-the-farmer/15-health-benefits-cheese/;cheese diet;cheese for diet
https://livelyrun.com/from-the-farmer/15-health-benefits-cheese/;cheese diet;cheese keto
https://livelyrun.com/from-the-farmer/15-health-benefits-cheese/;cheese diet;cheese keto diet
https://news.cancerresearchuk.org/2015/10/26/processed-meat-and-cancer-what-you-need-to-know/;meat results;election results
https://news.cancerresearchuk.org/2015/10/26/processed-meat-and-cancer-what-you-need-to-know/;meat results;meat diet
https://news.cancerresearchuk.org/2015/10/26/processed-meat-and-cancer-what-you-need-to-know/;meat results;red meat
https://news.cancerresearchuk.org/2015/10/26/processed-meat-and-cancer-what-you-need-to-know/;meat evidence;red meat
https://news.cancerresearchuk.org/2015/10/26/processed-meat-and-cancer-what-you-need-to-know/;meat evidence;counterclaim
https://news.cancerresearchuk.org/2015/10/26/processed-meat-and-cancer-what-you-need-to-know/;meat evidence;empirical evidence
https://newsnetwork.mayoclinic.org/discussion/mayo-clinic-minute-plant-based-diet-is-encouraged-for-patients-with-cancer/;fiber diet;high fiber diet
https://newsnetwork.mayoclinic.org/discussion/mayo-clinic-minute-plant-based-diet-is-encouraged-for-patients-with-cancer/;fiber diet;high fiber
https://newsnetwork.mayoclinic.org/discussion/mayo-clinic-minute-plant-based-diet-is-encouraged-for-patients-with-cancer/;fiber diet;fiber in diet
https://newsnetwork.mayoclinic.org/discussion/mayo-clinic-minute-plant-based-diet-is-encouraged-for-patients-with-cancer/;fiber dietary;what is dietary fiber
https://newsnetwork.mayoclinic.org/discussion/mayo-clinic-minute-plant-based-diet-is-encouraged-for-patients-with-cancer/;fiber dietary;what is fiber
https://newsnetwork.mayoclinic.org/discussion/mayo-clinic-minute-plant-based-diet-is-encouraged-for-patients-with-cancer/;fiber dietary;dietary fiber foods
https://newsnetwork.mayoclinic.org/discussion/mayo-clinic-minute-plant-based-diet-is-encouraged-for-patients-with-cancer/;food diet;food for diet
https://newsnetwork.mayoclinic.org/discussion/mayo-clinic-minute-plant-based-diet-is-encouraged-for-patients-with-cancer/;food diet;dog diet food
https://newsnetwork.mayoclinic.org/discussion/mayo-clinic-minute-plant-based-diet-is-encouraged-for-patients-with-cancer/;food diet;dog food
https://nutrition.org/is-there-a-link-between-dairy-consumption-and-cancer-mortality/;dairy cancer;breast cancer dairy
https://nutrition.org/is-there-a-link-between-dairy-consumption-and-cancer-mortality/;dairy cancer;breast cancer
https://nutrition.org/is-there-a-link-between-dairy-consumption-and-cancer-mortality/;dairy cancer;dairy milk
https://nutrition.org/is-there-a-link-between-dairy-consumption-and-cancer-mortality/;dairy consumption;milk consumption
https://nutrition.org/is-there-a-link-between-dairy-consumption-and-cancer-mortality/;dairy consumption;milk
https://nutrition.org/is-there-a-link-between-dairy-consumption-and-cancer-mortality/;dairy consumption;dairy milk
https://nutrition.org/is-there-a-link-between-dairy-consumption-and-cancer-mortality/;consumption cancer;alcohol consumption
https://nutrition.org/is-there-a-link-between-dairy-consumption-and-cancer-mortality/;consumption cancer;alcohol consumption cancer
https://nutrition.org/is-there-a-link-between-dairy-consumption-and-cancer-mortality/;consumption cancer;alcohol
https://nypost.com/2023/11/22/lifestyle/eating-red-meat-and-dairy-could-help-fight-cancer-new-study/;supplement cancer;cancer supplements
https://nypost.com/2023/11/22/lifestyle/eating-red-meat-and-dairy-could-help-fight-cancer-new-study/;supplement cancer;breast cancer
https://nypost.com/2023/11/22/lifestyle/eating-red-meat-and-dairy-could-help-fight-cancer-new-study/;supplement cancer;prostate cancer
https://nypost.com/2023/11/22/lifestyle/eating-red-meat-and-dairy-could-help-fight-cancer-new-study/;tumor immunity;tumor cells
https://nypost.com/2023/11/22/lifestyle/eating-red-meat-and-dairy-could-help-fight-cancer-new-study/;tumor immunity;cancer
https://nypost.com/2023/11/22/lifestyle/eating-red-meat-and-dairy-could-help-fight-cancer-new-study/;tumor immunity;what is tumor
https://pubmed.ncbi.nlm.nih.gov/37759216/;colorectal cancer;cancer colon
https://pubmed.ncbi.nlm.nih.gov/37759216/;colorectal cancer;colon
https://pubmed.ncbi.nlm.nih.gov/37759216/;colorectal cancer;colorectal cancer symptoms
https://pubmed.ncbi.nlm.nih.gov/37759216/;diet index;glycemic index diet
https://pubmed.ncbi.nlm.nih.gov/37759216/;diet index;glycemic index
https://pubmed.ncbi.nlm.nih.gov/37759216/;diet index;glycemic diet
https://pubmed.ncbi.nlm.nih.gov/37759216/;diet associated;quizlet
https://pubmed.ncbi.nlm.nih.gov/37759216/;diet associated;diabetes
https://pubmed.ncbi.nlm.nih.gov/37759216/;diet associated;obesity
https://time.com/4619162/cheese-health-food-cholesterol/;health cheese;cheese for health
https://time.com/4619162/cheese-health-food-cholesterol/;health cheese;cheese and health
https://time.com/4619162/cheese-health-food-cholesterol/;health cheese;health benefits
https://time.com/4619162/cheese-health-food-cholesterol/;cheese research;market research
https://time.com/4619162/cheese-health-food-cholesterol/;cheese research;cream cheese
https://time.com/4619162/cheese-health-food-cholesterol/;cheese research;mac and cheese
https://type2diabetes.com/nutrition/best-whole-grains-type-2-diabetes;diet diabetes;diet for diabetes
https://type2diabetes.com/nutrition/best-whole-grains-type-2-diabetes;diet diabetes;diabetes and diet
https://type2diabetes.com/nutrition/best-whole-grains-type-2-diabetes;diet diabetes;type 2 diabetes diet
https://type2diabetes.com/nutrition/best-whole-grains-type-2-diabetes;grains contain;what are grains
https://type2diabetes.com/nutrition/best-whole-grains-type-2-diabetes;grains contain;whole grains
https://type2diabetes.com/nutrition/best-whole-grains-type-2-diabetes;grains contain;pollen grains
https://type2diabetes.com/nutrition/best-whole-grains-type-2-diabetes;diabetes eating;eating for diabetes
https://type2diabetes.com/nutrition/best-whole-grains-type-2-diabetes;diabetes eating;blood sugar
https://type2diabetes.com/nutrition/best-whole-grains-type-2-diabetes;diabetes eating;eating with diabetes
https://www.ahajournals.org/doi/abs/10.1161/circ.146.suppl_1.13268;dietary patterns;eating patterns
https://www.ahajournals.org/doi/abs/10.1161/circ.146.suppl_1.13268;dietary patterns;nutrition
https://www.ahajournals.org/doi/abs/10.1161/circ.146.suppl_1.13268;dietary patterns;nutrition is
https://www.ahajournals.org/doi/abs/10.1161/circ.146.suppl_1.13268;dietary pattern;eating pattern
https://www.ahajournals.org/doi/abs/10.1161/circ.146.suppl_1.13268;dietary pattern;diet
https://www.ahajournals.org/doi/abs/10.1161/circ.146.suppl_1.13268;dietary pattern;dietary guidelines
https://www.ahajournals.org/doi/abs/10.1161/circ.146.suppl_1.13268;based dietary;dietary guidelines
https://www.ahajournals.org/doi/abs/10.1161/circ.146.suppl_1.13268;based dietary;food based dietary guidelines
https://www.ahajournals.org/doi/abs/10.1161/circ.146.suppl_1.13268;based dietary;nutrition
https://www.americandairy.com/health-wellness/benefits-of-dairy/diabetes-and-dairy/;diabetes dairy;what is diabetes
https://www.americandairy.com/health-wellness/benefits-of-dairy/diabetes-and-dairy/;diabetes dairy;dairy milk
https://www.americandairy.com/health-wellness/benefits-of-dairy/diabetes-and-dairy/;diabetes dairy;dairy products
https://www.americandairy.com/health-wellness/benefits-of-dairy/diabetes-and-dairy/;prevention diabetes;prevention of diabetes
https://www.americandairy.com/health-wellness/benefits-of-dairy/diabetes-and-dairy/;prevention diabetes;prevention for diabetes
https://www.americandairy.com/health-wellness/benefits-of-dairy/diabetes-and-dairy/;prevention diabetes;diabetes prevention program
https://www.americandairy.com/health-wellness/benefits-of-dairy/diabetes-and-dairy/;diabetes managing;managing type 2 diabetes
https://www.americandairy.com/health-wellness/benefits-of-dairy/diabetes-and-dairy/;diabetes managing;diabetes type 2
https://www.americandairy.com/health-wellness/benefits-of-dairy/diabetes-and-dairy/;diabetes managing;what is diabetes
https://www.bbc.com/news/health-47947965;meat harmful;bacteria
https://www.bbc.com/news/health-47947965;meat harmful;harmful bacteria
https://www.bbc.com/news/health-47947965;meat harmful;red meat
https://www.bbc.com/news/health-47947965;meat healthy;is meat healthy
https://www.bbc.com/news/health-47947965;meat healthy;healthy food
https://www.bbc.com/news/health-47947965;meat healthy;meat recipes
https://www.bbc.com/news/health-47947965;meat consumption;red meat consumption
https://www.bbc.com/news/health-47947965;meat consumption;red meat
https://www.bbc.com/news/health-47947965;meat consumption;per capita meat consumption
https://www.bbcgoodfood.com/howto/guide/davinas-tips-going-sugar-free;manage sugar;blood sugar
https://www.bbcgoodfood.com/howto/guide/davinas-tips-going-sugar-free;manage sugar;diabetes
https://www.bbcgoodfood.com/howto/guide/davinas-tips-going-sugar-free;manage sugar;manage diabetes
https://www.bbcgoodfood.com/howto/guide/davinas-tips-going-sugar-free;give sugar;what is sugar
https://www.bbcgoodfood.com/howto/guide/davinas-tips-going-sugar-free;give sugar;give me sugar
https://www.bbcgoodfood.com/howto/guide/davinas-tips-going-sugar-free;give sugar;give me
https://www.bbcgoodfood.com/howto/guide/davinas-tips-going-sugar-free;becoming sugar;sugar baby
https://www.bbcgoodfood.com/howto/guide/davinas-tips-going-sugar-free;becoming sugar;becoming a sugar baby
https://www.bbcgoodfood.com/howto/guide/davinas-tips-going-sugar-free;becoming sugar;becoming sugar free
https://www.byrdie.com/how-to-give-up-sugar;sugar diet;blood sugar
https://www.byrdie.com/how-to-give-up-sugar;sugar diet;blood sugar diet
https://www.byrdie.com/how-to-give-up-sugar;sugar diet;no sugar diet
https://www.byrdie.com/how-to-give-up-sugar;sugars foods;what are sugars
https://www.byrdie.com/how-to-give-up-sugar;sugars foods;sugar
https://www.byrdie.com/how-to-give-up-sugar;sugars foods;carbohydrates foods
https://www.byrdie.com/how-to-give-up-sugar;sugar intake;daily intake sugar
https://www.byrdie.com/how-to-give-up-sugar;sugar intake;daily intake
https://www.byrdie.com/how-to-give-up-sugar;sugar intake;recommended sugar intake
https://www.cancer.org.au/cancer-information/causes-and-prevention/diet-and-exercise/food-and-nutrition/dairy-products;dairy cancer;breast cancer dairy
https://www.cancer.org.au/cancer-information/causes-and-prevention/diet-and-exercise/food-and-nutrition/dairy-products;dairy cancer;breast cancer
https://www.cancer.org.au/cancer-information/causes-and-prevention/diet-and-exercise/food-and-nutrition/dairy-products;dairy cancer;dairy milk
https://www.cancer.org.au/cancer-information/causes-and-prevention/diet-and-exercise/food-and-nutrition/dairy-products;consume dairy;what is dairy
https://www.cancer.org.au/cancer-information/causes-and-prevention/diet-and-exercise/food-and-nutrition/dairy-products;consume dairy;dairy products
https://www.cancer.org.au/cancer-information/causes-and-prevention/diet-and-exercise/food-and-nutrition/dairy-products;consume dairy;dairy foods
https://www.cancer.org.au/cancer-information/causes-and-prevention/diet-and-exercise/food-and-nutrition/dairy-products;dairy foods;dairy free
https://www.cancer.org.au/cancer-information/causes-and-prevention/diet-and-exercise/food-and-nutrition/dairy-products;dairy foods;dairy free foods
https://www.cancer.org.au/cancer-information/causes-and-prevention/diet-and-exercise/food-and-nutrition/dairy-products;dairy foods;dairy food
https://www.cancerresearchuk.org/about-cancer/causes-of-cancer/diet-and-cancer/wholegrains-fibre-and-cancer-risk;wholegrain foods;whole foods
https://www.cancerresearchuk.org/about-cancer/causes-of-cancer/diet-and-cancer/wholegrains-fibre-and-cancer-risk;wholegrain foods;wholegrain bread
https://www.cancerresearchuk.org/about-cancer/causes-of-cancer/diet-and-cancer/wholegrains-fibre-and-cancer-risk;wholegrain foods;whole grain foods
https://www.cancerresearchuk.org/about-cancer/causes-of-cancer/diet-and-cancer/wholegrains-fibre-and-cancer-risk;fibre diet;fibre in diet
https://www.cancerresearchuk.org/about-cancer/causes-of-cancer/diet-and-cancer/wholegrains-fibre-and-cancer-risk;fibre diet;high fibre diet
https://www.cancerresearchuk.org/about-cancer/causes-of-cancer/diet-and-cancer/wholegrains-fibre-and-cancer-risk;fibre diet;high fibre
https://www.deseret.com/23878884/health-benefits-of-cheese/;cheese healthy;is cheese healthy
https://www.deseret.com/23878884/health-benefits-of-cheese/;cheese healthy;cream cheese
https://www.deseret.com/23878884/health-benefits-of-cheese/;cheese healthy;healthy cream cheese
https://www.deseret.com/23878884/health-benefits-of-cheese/;healthy cheese;is cheese healthy
https://www.deseret.com/23878884/health-benefits-of-cheese/;healthy cheese;cream cheese
https://www.deseret.com/23878884/health-benefits-of-cheese/;healthy cheese;cream cheese healthy
https://www.deseret.com/23878884/health-benefits-of-cheese/;benefits cheese;benefits of cheese
https://www.deseret.com/23878884/health-benefits-of-cheese/;benefits cheese;cheese health benefits
https://www.deseret.com/23878884/health-benefits-of-cheese/;benefits cheese;cottage cheese benefits
https://www.diabetes.org.uk/guide-to-diabetes/enjoy-food/carbohydrates-and-diabetes/wholegrains-and-diabetes-;wholegrain foods;whole foods
https://www.diabetes.org.uk/guide-to-diabetes/enjoy-food/carbohydrates-and-diabetes/wholegrains-and-diabetes-;wholegrain foods;wholegrain bread
https://www.diabetes.org.uk/guide-to-diabetes/enjoy-food/carbohydrates-and-diabetes/wholegrains-and-diabetes-;wholegrain foods;whole grain foods
https://www.diabetes.org.uk/guide-to-diabetes/enjoy-food/carbohydrates-and-diabetes/wholegrains-and-diabetes-;wholegrain food;wholegrain bread
https://www.diabetes.org.uk/guide-to-diabetes/enjoy-food/carbohydrates-and-diabetes/wholegrains-and-diabetes-;wholegrain food;what is wholegrain
https://www.diabetes.org.uk/guide-to-diabetes/enjoy-food/carbohydrates-and-diabetes/wholegrains-and-diabetes-;wholegrain food;wholegrain foods
https://www.diabetescarecommunity.ca/diet-and-fitness-articles/what-are-whole-grains-and-why-should-you-eat-them/;whole grains;grain
https://www.diabetescarecommunity.ca/diet-and-fitness-articles/what-are-whole-grains-and-why-should-you-eat-them/;whole grains;whole grains foods
https://www.diabetescarecommunity.ca/diet-and-fitness-articles/what-are-whole-grains-and-why-should-you-eat-them/;whole grains;whole grain
https://www.diabetescarecommunity.ca/diet-and-fitness-articles/what-are-whole-grains-and-why-should-you-eat-them/;grains diabetes;whole grains
https://www.diabetescarecommunity.ca/diet-and-fitness-articles/what-are-whole-grains-and-why-should-you-eat-them/;grains diabetes;whole grains for diabetes
https://www.diabetescarecommunity.ca/diet-and-fitness-articles/what-are-whole-grains-and-why-should-you-eat-them/;grains diabetes;what is diabetes
https://www.diabetescarecommunity.ca/diet-and-fitness-articles/what-are-whole-grains-and-why-should-you-eat-them/;grains whole;whole grain
https://www.diabetescarecommunity.ca/diet-and-fitness-articles/what-are-whole-grains-and-why-should-you-eat-them/;grains whole;grain
https://www.diabetescarecommunity.ca/diet-and-fitness-articles/what-are-whole-grains-and-why-should-you-eat-them/;grains whole;whole grains foods
https://www.eatingwell.com/article/69763/5-of-the-healthiest-fish-to-eat-and-5-to-avoid/;healthy seafood;healthy seafood recipes
https://www.eatingwell.com/article/69763/5-of-the-healthiest-fish-to-eat-and-5-to-avoid/;healthy seafood;healthy recipes
https://www.eatingwell.com/article/69763/5-of-the-healthiest-fish-to-eat-and-5-to-avoid/;healthy seafood;healthy food
https://www.eatingwell.com/article/69763/5-of-the-healthiest-fish-to-eat-and-5-to-avoid/;seafood diet;diet food
https://www.eatingwell.com/article/69763/5-of-the-healthiest-fish-to-eat-and-5-to-avoid/;seafood diet;what is seafood
https://www.eatingwell.com/article/69763/5-of-the-healthiest-fish-to-eat-and-5-to-avoid/;seafood diet;fish
https://www.everydayhealth.com/prostate-cancer/drinking-milk-may-put-you-at-risk-for-prostate-cancer/;cancer milk;breast milk
https://www.everydayhealth.com/prostate-cancer/drinking-milk-may-put-you-at-risk-for-prostate-cancer/;cancer milk;breast cancer milk
https://www.everydayhealth.com/prostate-cancer/drinking-milk-may-put-you-at-risk-for-prostate-cancer/;cancer milk;breast
https://www.everydayhealth.com/prostate-cancer/drinking-milk-may-put-you-at-risk-for-prostate-cancer/;milk consumption;dairy milk
https://www.everydayhealth.com/prostate-cancer/drinking-milk-may-put-you-at-risk-for-prostate-cancer/;milk consumption;dairy consumption
https://www.everydayhealth.com/prostate-cancer/drinking-milk-may-put-you-at-risk-for-prostate-cancer/;milk consumption;india milk consumption
https://www.everydayhealth.com/prostate-cancer/drinking-milk-may-put-you-at-risk-for-prostate-cancer/;cancer dairy;breast cancer dairy
https://www.everydayhealth.com/prostate-cancer/drinking-milk-may-put-you-at-risk-for-prostate-cancer/;cancer dairy;breast cancer
https://www.everydayhealth.com/prostate-cancer/drinking-milk-may-put-you-at-risk-for-prostate-cancer/;cancer dairy;dairy milk
https://www.everydayhealth.com/type-2-diabetes/diet/guide-eating-dairy-with-diabetes/#:~:text=The%20Best%20Dairy%20Choices%20to%20Make%20When%20You,2%20String%20Cheese%20...%203%20Grass-Fed%20Dairy%20;diabetes dairy;what is diabetes
https://www.everydayhealth.com/type-2-diabetes/diet/guide-eating-dairy-with-diabetes/#:~:text=The%20Best%20Dairy%20Choices%20to%20Make%20When%20You,2%20String%20Cheese%20...%203%20Grass-Fed%20Dairy%20;diabetes dairy;dairy milk
https://www.everydayhealth.com/type-2-diabetes/diet/guide-eating-dairy-with-diabetes/#:~:text=The%20Best%20Dairy%20Choices%20to%20Make%20When%20You,2%20String%20Cheese%20...%203%20Grass-Fed%20Dairy%20;diabetes dairy;dairy products
https://www.everydayhealth.com/type-2-diabetes/diet/guide-eating-dairy-with-diabetes/#:~:text=The%20Best%20Dairy%20Choices%20to%20Make%20When%20You,2%20String%20Cheese%20...%203%20Grass-Fed%20Dairy%20;dairy diabetes;dairy and diabetes
https://www.everydayhealth.com/type-2-diabetes/diet/guide-eating-dairy-with-diabetes/#:~:text=The%20Best%20Dairy%20Choices%20to%20Make%20When%20You,2%20String%20Cheese%20...%203%20Grass-Fed%20Dairy%20;dairy diabetes;what is diabetes
https://www.everydayhealth.com/type-2-diabetes/diet/guide-eating-dairy-with-diabetes/#:~:text=The%20Best%20Dairy%20Choices%20to%20Make%20When%20You,2%20String%20Cheese%20...%203%20Grass-Fed%20Dairy%20;dairy diabetes;dairy milk
https://www.everydayhealth.com/type-2-diabetes/diet/guide-eating-dairy-with-diabetes/#:~:text=The%20Best%20Dairy%20Choices%20to%20Make%20When%20You,2%20String%20Cheese%20...%203%20Grass-Fed%20Dairy%20;dairy recommendations;protein recommendations
https://www.everydayhealth.com/type-2-diabetes/diet/guide-eating-dairy-with-diabetes/#:~:text=The%20Best%20Dairy%20Choices%20to%20Make%20When%20You,2%20String%20Cheese%20...%203%20Grass-Fed%20Dairy%20;dairy recommendations;vegetables
https://www.everydayhealth.com/type-2-diabetes/diet/guide-eating-dairy-with-diabetes/#:~:text=The%20Best%20Dairy%20Choices%20to%20Make%20When%20You,2%20String%20Cheese%20...%203%20Grass-Fed%20Dairy%20;dairy recommendations;grains
https://www.frontiersin.org/articles/10.3389/fcvm.2021.756810/full;diet cardiovascular;cardiovascular disease
https://www.frontiersin.org/articles/10.3389/fcvm.2021.756810/full;diet cardiovascular;what is cardiovascular
https://www.frontiersin.org/articles/10.3389/fcvm.2021.756810/full;diet cardiovascular;diet for cardiovascular disease
https://www.frontiersin.org/articles/10.3389/fcvm.2021.756810/full;diets cardiovascular;cardiovascular disease
https://www.frontiersin.org/articles/10.3389/fcvm.2021.756810/full;diets cardiovascular;cardiovascular diet
https://www.frontiersin.org/articles/10.3389/fcvm.2021.756810/full;diets cardiovascular;what is cardiovascular disease
https://www.frontiersin.org/articles/10.3389/fcvm.2021.756810/full;diets associated;quizlet
https://www.frontiersin.org/articles/10.3389/fcvm.2021.756810/full;diets associated;vegetarian diets
https://www.frontiersin.org/articles/10.3389/fcvm.2021.756810/full;diets associated;fad diets
https://www.goodto.com/wellbeing/sugar-free-diet-83093;sugar diet;blood sugar
https://www.goodto.com/wellbeing/sugar-free-diet-83093;sugar diet;blood sugar diet
https://www.goodto.com/wellbeing/sugar-free-diet-83093;sugar diet;no sugar diet
https://www.goodto.com/wellbeing/sugar-free-diet-83093;plan sugar;diet plan
https://www.goodto.com/wellbeing/sugar-free-diet-83093;plan sugar;sugar diet plan
https://www.goodto.com/wellbeing/sugar-free-diet-83093;plan sugar;meal plan
https://www.goodto.com/wellbeing/sugar-free-diet-83093;eating sugar;sugar after eating
https://www.goodto.com/wellbeing/sugar-free-diet-83093;eating sugar;blood sugar
https://www.goodto.com/wellbeing/sugar-free-diet-83093;eating sugar;after eating blood sugar
https://www.health.harvard.edu/blog/can-plant-based-diets-lower-your-risk-of-prostate-cancer-202212162867;dietary;supplement
https://www.health.harvard.edu/blog/can-plant-based-diets-lower-your-risk-of-prostate-cancer-202212162867;dietary;dietary supplement
https://www.health.harvard.edu/blog/can-plant-based-diets-lower-your-risk-of-prostate-cancer-202212162867;dietary;what is dietary
https://www.health.harvard.edu/blog/can-plant-based-diets-lower-your-risk-of-prostate-cancer-202212162867;see dietary;dietary supplement
https://www.health.harvard.edu/blog/can-plant-based-diets-lower-your-risk-of-prostate-cancer-202212162867;see dietary;quizlet
https://www.health.harvard.edu/blog/can-plant-based-diets-lower-your-risk-of-prostate-cancer-202212162867;see dietary;dietary fiber
https://www.health.harvard.edu/heart-health/the-sweet-danger-of-sugar;health sugar;sugar and health
https://www.health.harvard.edu/heart-health/the-sweet-danger-of-sugar;health sugar;blood sugar
https://www.health.harvard.edu/heart-health/the-sweet-danger-of-sugar;health sugar;blood sugar health
https://www.health.harvard.edu/heart-health/the-sweet-danger-of-sugar;consumption sugar;of
https://www.health.harvard.edu/heart-health/the-sweet-danger-of-sugar;consumption sugar;to
https://www.health.harvard.edu/heart-health/the-sweet-danger-of-sugar;consumption sugar;is
https://www.health.harvard.edu/heart-health/the-sweet-danger-of-sugar;sugar intake;daily intake sugar
https://www.health.harvard.edu/heart-health/the-sweet-danger-of-sugar;sugar intake;daily intake
https://www.health.harvard.edu/heart-health/the-sweet-danger-of-sugar;sugar intake;recommended sugar intake
https://www.healthline.com/nutrition/does-sugar-cause-diabetes#bottom-line;causes diabetes;what causes diabetes
https://www.healthline.com/nutrition/does-sugar-cause-diabetes#bottom-line;causes diabetes;causes of diabetes
https://www.healthline.com/nutrition/does-sugar-cause-diabetes#bottom-line;causes diabetes;diabetes symptoms
https://www.healthline.com/nutrition/does-sugar-cause-diabetes#bottom-line;develop diabetes;diabetes type 2
https://www.healthline.com/nutrition/does-sugar-cause-diabetes#bottom-line;develop diabetes;diabetes type 1
https://www.healthline.com/nutrition/does-sugar-cause-diabetes#bottom-line;develop diabetes;can you develop diabetes
https://www.healthline.com/nutrition/does-sugar-cause-diabetes#bottom-line;factors diabetes;risk factors diabetes
https://www.healthline.com/nutrition/does-sugar-cause-diabetes#bottom-line;factors diabetes;risk factors
https://www.healthline.com/nutrition/does-sugar-cause-diabetes#bottom-line;factors diabetes;risk factors of diabetes
https://www.healthylife.com.au/learn/heavy-metals-in-fish;risk mercury;the mercury
https://www.healthylife.com.au/learn/heavy-metals-in-fish;risk mercury;what is mercury
https://www.healthylife.com.au/learn/heavy-metals-in-fish;risk mercury;mercury in fish
https://www.healthylife.com.au/learn/heavy-metals-in-fish;effects mercury;effects of mercury
https://www.healthylife.com.au/learn/heavy-metals-in-fish;effects mercury;side effects
https://www.healthylife.com.au/learn/heavy-metals-in-fish;effects mercury;mercury side effects
https://www.heartfoundation.org.nz/wellbeing/healthy-eating/nutrition-facts/is-meat-good-for-you;meat poultry;meat and poultry
https://www.heartfoundation.org.nz/wellbeing/healthy-eating/nutrition-facts/is-meat-good-for-you;meat poultry;is poultry meat
https://www.heartfoundation.org.nz/wellbeing/healthy-eating/nutrition-facts/is-meat-good-for-you;meat poultry;what is poultry
https://www.heartfoundation.org.nz/wellbeing/healthy-eating/nutrition-facts/is-meat-good-for-you;poultry heart;what is poultry
https://www.heartfoundation.org.nz/wellbeing/healthy-eating/nutrition-facts/is-meat-good-for-you;poultry heart;poultry meat
https://www.heartfoundation.org.nz/wellbeing/healthy-eating/nutrition-facts/is-meat-good-for-you;poultry heart;heart disease
https://www.heartfoundation.org.nz/wellbeing/healthy-eating/nutrition-facts/is-meat-good-for-you;fat poultry;meat
https://www.heartfoundation.org.nz/wellbeing/healthy-eating/nutrition-facts/is-meat-good-for-you;fat poultry;poultry meat
https://www.heartfoundation.org.nz/wellbeing/healthy-eating/nutrition-facts/is-meat-good-for-you;fat poultry;what is poultry
https://www.hsph.harvard.edu/news/press-releases/red-meat-consumption-associated-with-increased-type-2-diabetes-risk/;meat consumption;red meat consumption
https://www.hsph.harvard.edu/news/press-releases/red-meat-consumption-associated-with-increased-type-2-diabetes-risk/;meat consumption;red meat
https://www.hsph.harvard.edu/news/press-releases/red-meat-consumption-associated-with-increased-type-2-diabetes-risk/;meat consumption;per capita meat consumption
https://www.hsph.harvard.edu/news/press-releases/red-meat-consumption-associated-with-increased-type-2-diabetes-risk/;dietary guidelines;the dietary guidelines
https://www.hsph.harvard.edu/news/press-releases/red-meat-consumption-associated-with-increased-type-2-diabetes-risk/;dietary guidelines;dietary guidelines for americans
https://www.hsph.harvard.edu/news/press-releases/red-meat-consumption-associated-with-increased-type-2-diabetes-risk/;dietary guidelines;what is dietary guidelines
https://www.hsph.harvard.edu/news/press-releases/red-meat-consumption-associated-with-increased-type-2-diabetes-risk/;meat healthy;is meat healthy
https://www.hsph.harvard.edu/news/press-releases/red-meat-consumption-associated-with-increased-type-2-diabetes-risk/;meat healthy;healthy food
https://www.hsph.harvard.edu/news/press-releases/red-meat-consumption-associated-with-increased-type-2-diabetes-risk/;meat healthy;meat recipes
https://www.mayoclinichealthsystem.org/hometown-health/speaking-of-health/plant-power-to-lower-cancer-risk;cancer diet;diet for cancer
https://www.mayoclinichealthsystem.org/hometown-health/speaking-of-health/plant-power-to-lower-cancer-risk;cancer diet;cancer and diet
https://www.mayoclinichealthsystem.org/hometown-health/speaking-of-health/plant-power-to-lower-cancer-risk;cancer diet;the cancer diet
https://www.mayoclinichealthsystem.org/hometown-health/speaking-of-health/plant-power-to-lower-cancer-risk;diet cancer;diet for cancer
https://www.mayoclinichealthsystem.org/hometown-health/speaking-of-health/plant-power-to-lower-cancer-risk;diet cancer;cancer and diet
https://www.mayoclinichealthsystem.org/hometown-health/speaking-of-health/plant-power-to-lower-cancer-risk;diet cancer;the cancer diet
https://www.mayoclinichealthsystem.org/hometown-health/speaking-of-health/plant-power-to-lower-cancer-risk;cancer prevention;prevention of cancer
https://www.mayoclinichealthsystem.org/hometown-health/speaking-of-health/plant-power-to-lower-cancer-risk;cancer prevention;prevention for cancer
https://www.mayoclinichealthsystem.org/hometown-health/speaking-of-health/plant-power-to-lower-cancer-risk;cancer prevention;breast cancer
https://www.mcgill.ca/oss/article/health-nutrition/possible-link-between-milk-and-breast-cancer-not-udder-nonsense;milk consumption;dairy milk
https://www.mcgill.ca/oss/article/health-nutrition/possible-link-between-milk-and-breast-cancer-not-udder-nonsense;milk consumption;dairy consumption
https://www.mcgill.ca/oss/article/health-nutrition/possible-link-between-milk-and-breast-cancer-not-udder-nonsense;milk consumption;india milk consumption
https://www.mcgill.ca/oss/article/health-nutrition/possible-link-between-milk-and-breast-cancer-not-udder-nonsense;dairy consumption;milk consumption
https://www.mcgill.ca/oss/article/health-nutrition/possible-link-between-milk-and-breast-cancer-not-udder-nonsense;dairy consumption;milk
https://www.mcgill.ca/oss/article/health-nutrition/possible-link-between-milk-and-breast-cancer-not-udder-nonsense;dairy consumption;dairy milk
https://www.mdpi.com/2308-3425/10/3/94;vegan diets;diet
https://www.mdpi.com/2308-3425/10/3/94;vegan diets;vegan diet
https://www.mdpi.com/2308-3425/10/3/94;vegan diets;vegan vegetarian
https://www.mdpi.com/2308-3425/10/3/94;vegan diet;the vegan diet
https://www.mdpi.com/2308-3425/10/3/94;vegan diet;vegan diet plan
https://www.mdpi.com/2308-3425/10/3/94;vegan diet;what is vegan diet
https://www.mdpi.com/2308-3425/10/3/94;diets vegan;vegan diet
https://www.mdpi.com/2308-3425/10/3/94;diets vegan;diet
https://www.mdpi.com/2308-3425/10/3/94;diets vegan;vegetarian diets
https://www.medicalnewstoday.com/articles/219352#summary;benefits vitamin;b12 benefits
https://www.medicalnewstoday.com/articles/219352#summary;benefits vitamin;b12 vitamin benefits
https://www.medicalnewstoday.com/articles/219352#summary;benefits vitamin;b12 vitamin
https://www.medicalnewstoday.com/articles/219352#summary;antioxidant helps;vitamin
https://www.medicalnewstoday.com/articles/219352#summary;antioxidant helps;antioxidant vitamin
https://www.medicalnewstoday.com/articles/219352#summary;antioxidant helps;what is antioxidant
https://www.medicalnewstoday.com/articles/219352#summary;vitamin benefits;vitamin b12 benefits
https://www.medicalnewstoday.com/articles/219352#summary;vitamin benefits;b12 benefits
https://www.medicalnewstoday.com/articles/219352#summary;vitamin benefits;b12 vitamin
https://www.ncbi.nlm.nih.gov/pmc/articles/PMC9750928/;diets cancer;cancer diet
https://www.ncbi.nlm.nih.gov/pmc/articles/PMC9750928/;diets cancer;diet
https://www.ncbi.nlm.nih.gov/pmc/articles/PMC9750928/;diets cancer;what is cancer
https://www.ncbi.nlm.nih.gov/pmc/articles/PMC9750928/;diet cancer;diet for cancer
https://www.ncbi.nlm.nih.gov/pmc/articles/PMC9750928/;diet cancer;cancer and diet
https://www.ncbi.nlm.nih.gov/pmc/articles/PMC9750928/;diet cancer;the cancer diet
https://www.npr.org/sections/health-shots/2023/10/19/1207123096/red-meat-type-2-diabetes-risk-processed-meat-bacon-hot-dogs;meat risk;red meat risk
https://www.npr.org/sections/health-shots/2023/10/19/1207123096/red-meat-type-2-diabetes-risk-processed-meat-bacon-hot-dogs;meat risk;red meat
https://www.npr.org/sections/health-shots/2023/10/19/1207123096/red-meat-type-2-diabetes-risk-processed-meat-bacon-hot-dogs;meat risk;meat cancer risk
https://www.npr.org/sections/health-shots/2023/10/19/1207123096/red-meat-type-2-diabetes-risk-processed-meat-bacon-hot-dogs;risk diabetes;risk of diabetes
https://www.npr.org/sections/health-shots/2023/10/19/1207123096/red-meat-type-2-diabetes-risk-processed-meat-bacon-hot-dogs;risk diabetes;risk for diabetes
https://www.npr.org/sections/health-shots/2023/10/19/1207123096/red-meat-type-2-diabetes-risk-processed-meat-bacon-hot-dogs;risk diabetes;risk factors diabetes
https://www.npr.org/sections/health-shots/2023/10/19/1207123096/red-meat-type-2-diabetes-risk-processed-meat-bacon-hot-dogs;meat consumption;red meat consumption
https://www.npr.org/sections/health-shots/2023/10/19/1207123096/red-meat-type-2-diabetes-risk-processed-meat-bacon-hot-dogs;meat consumption;red meat
https://www.npr.org/sections/health-shots/2023/10/19/1207123096/red-meat-type-2-diabetes-risk-processed-meat-bacon-hot-dogs;meat consumption;per capita meat consumption
https://www.pcf.org/c/plant-based-diets-and-prostate-cancer/;cancer nutrition;nutrition and cancer
https://www.pcf.org/c/plant-based-diets-and-prostate-cancer/;cancer nutrition;nutrition for cancer
https://www.pcf.org/c/plant-based-diets-and-prostate-cancer/;cancer nutrition;what is cancer
https://www.pcf.org/c/plant-based-diets-and-prostate-cancer/;diet linked;linked in
https://www.pcf.org/c/plant-based-diets-and-prostate-cancer/;diet linked;heart disease
https://www.pcf.org/c/plant-based-diets-and-prostate-cancer/;diet linked;diabetes
https://www.pcrm.org/good-nutrition/nutrition-information/health-concerns-about-dairy;consumption dairy;milk consumption
https://www.pcrm.org/good-nutrition/nutrition-information/health-concerns-about-dairy;consumption dairy;milk
https://www.pcrm.org/good-nutrition/nutrition-information/health-concerns-about-dairy;consumption dairy;dairy milk
https://www.pcrm.org/good-nutrition/nutrition-information/health-concerns-about-dairy;dairy intake;what is dairy
https://www.pcrm.org/good-nutrition/nutrition-information/health-concerns-about-dairy;dairy intake;food intake
https://www.pcrm.org/good-nutrition/nutrition-information/health-concerns-about-dairy;dairy intake;dairy milk
https://www.pcrm.org/news/news-releases/dairy-consumption-linked-prostate-ovarian-breast-cancers-finds-new-narrative;risk dairy;dairy products
https://www.pcrm.org/news/news-releases/dairy-consumption-linked-prostate-ovarian-breast-cancers-finds-new-narrative;risk dairy;high risk food
https://www.pcrm.org/news/news-releases/dairy-consumption-linked-prostate-ovarian-breast-cancers-finds-new-narrative;risk dairy;high risk foods
https://www.pcrm.org/news/news-releases/dairy-consumption-linked-prostate-ovarian-breast-cancers-finds-new-narrative;dairy consumption;milk consumption
https://www.pcrm.org/news/news-releases/dairy-consumption-linked-prostate-ovarian-breast-cancers-finds-new-narrative;dairy consumption;milk
https://www.pcrm.org/news/news-releases/dairy-consumption-linked-prostate-ovarian-breast-cancers-finds-new-narrative;dairy consumption;dairy milk
https://www.pcrm.org/news/news-releases/dairy-consumption-linked-prostate-ovarian-breast-cancers-finds-new-narrative;consuming dairy;dairy products
https://www.pcrm.org/news/news-releases/dairy-consumption-linked-prostate-ovarian-breast-cancers-finds-new-narrative;consuming dairy;lactose intolerance
https://www.pcrm.org/news/news-releases/dairy-consumption-linked-prostate-ovarian-breast-cancers-finds-new-narrative;consuming dairy;quizlet
https://www.prevailovercancer.com/blog/beans-cancer;beans legumes;are legumes beans
https://www.prevailovercancer.com/blog/beans-cancer;beans legumes;legumes and beans
https://www.prevailovercancer.com/blog/beans-cancer;beans legumes;what are beans
https://www.prevailovercancer.com/blog/beans-cancer;legumes beans;are legumes beans
https://www.prevailovercancer.com/blog/beans-cancer;legumes beans;legumes and beans
https://www.prevailovercancer.com/blog/beans-cancer;legumes beans;what are legumes
https://www.prevailovercancer.com/blog/beans-cancer;legumes contain;what is legumes
https://www.prevailovercancer.com/blog/beans-cancer;legumes contain;what are legumes
https://www.prevailovercancer.com/blog/beans-cancer;legumes contain;legumes foods
https://www.roswellpark.org/cancertalk/202009/benefits-eating-whole-grains-include-reduced-risk-colorectal-cancer;eating grains;whole grains
https://www.roswellpark.org/cancertalk/202009/benefits-eating-whole-grains-include-reduced-risk-colorectal-cancer;eating grains;grains food
https://www.roswellpark.org/cancertalk/202009/benefits-eating-whole-grains-include-reduced-risk-colorectal-cancer;eating grains;what are grains
https://www.roswellpark.org/cancertalk/202009/benefits-eating-whole-grains-include-reduced-risk-colorectal-cancer;whole grains;grain
https://www.roswellpark.org/cancertalk/202009/benefits-eating-whole-grains-include-reduced-risk-colorectal-cancer;whole grains;whole grains foods
https://www.roswellpark.org/cancertalk/202009/benefits-eating-whole-grains-include-reduced-risk-colorectal-cancer;whole grains;whole grain
https://www.sciencedaily.com/releases/2010/05/100504124740.htm;ovarian cancer;ovarian cancer symptoms
https://www.sciencedaily.com/releases/2010/05/100504124740.htm;ovarian cancer;cancer symptoms
https://www.sciencedaily.com/releases/2010/05/100504124740.htm;ovarian cancer;symptoms
https://www.sciencedaily.com/releases/2010/05/100504124740.htm;flaxseed diet;flaxseed oil diet
https://www.sciencedaily.com/releases/2010/05/100504124740.htm;flaxseed diet;flaxseed oil
https://www.sciencedaily.com/releases/2010/05/100504124740.htm;flaxseed diet;flax
https://www.sciencedaily.com/releases/2013/03/130314180136.htm;dairy consumption;milk consumption
https://www.sciencedaily.com/releases/2013/03/130314180136.htm;dairy consumption;milk
https://www.sciencedaily.com/releases/2013/03/130314180136.htm;dairy consumption;dairy milk
https://www.sciencedaily.com/releases/2013/03/130314180136.htm;dairy intake;what is dairy
https://www.sciencedaily.com/releases/2013/03/130314180136.htm;dairy intake;food intake
https://www.sciencedaily.com/releases/2013/03/130314180136.htm;dairy intake;dairy milk
https://www.sciencedaily.com/releases/2013/07/130715202458.htm;eat nuts;nuts to eat
https://www.sciencedaily.com/releases/2013/07/130715202458.htm;eat nuts;dogs eat nuts
https://www.sciencedaily.com/releases/2013/07/130715202458.htm;eat nuts;nuts dogs can eat
https://www.sciencedaily.com/releases/2015/06/150616114247.htm;cancer nut;betel
https://www.sciencedaily.com/releases/2015/06/150616114247.htm;cancer nut;betel nut cancer
https://www.sciencedaily.com/releases/2015/06/150616114247.htm;cancer nut;betel nut
https://www.sciencedaily.com/releases/2015/06/150616114247.htm;nutrition reviews;review
https://www.sciencedaily.com/releases/2015/06/150616114247.htm;nutrition reviews;health
https://www.sciencedaily.com/releases/2015/06/150616114247.htm;nutrition reviews;310 nutrition
https://www.sciencedaily.com/releases/2016/04/160419081941.htm;saturated fat;unsaturated
https://www.sciencedaily.com/releases/2016/04/160419081941.htm;saturated fat;what is saturated fat
https://www.sciencedaily.com/releases/2016/04/160419081941.htm;saturated fat;unsaturated fat
https://www.sciencedaily.com/releases/2016/04/160419081941.htm;increased prostate;prostate cancer
https://www.sciencedaily.com/releases/2016/04/160419081941.htm;increased prostate;prostate gland
https://www.sciencedaily.com/releases/2016/04/160419081941.htm;increased prostate;increased psa
https://www.sciencedaily.com/releases/2017/09/170905134506.htm;meat diabetes;diabetes and meat
https://www.sciencedaily.com/releases/2017/09/170905134506.htm;meat diabetes;red meat
https://www.sciencedaily.com/releases/2017/09/170905134506.htm;meat diabetes;red meat diabetes
https://www.sciencedaily.com/releases/2017/09/170905134506.htm;diabetes meats;what is diabetes
https://www.sciencedaily.com/releases/2017/09/170905134506.htm;diabetes meats;type 2 diabetes
https://www.sciencedaily.com/releases/2017/09/170905134506.htm;diabetes meats;meats for diabetics
https://www.sciencedaily.com/releases/2017/09/170905134506.htm;meat diet;red meat diet
https://www.sciencedaily.com/releases/2017/09/170905134506.htm;meat diet;red meat
https://www.sciencedaily.com/releases/2017/09/170905134506.htm;meat diet;keto diet meat
https://www.sciencedaily.com/releases/2022/01/220110145249.htm;consumption olive;olive oil
https://www.sciencedaily.com/releases/2022/01/220110145249.htm;consumption olive;consumption of olive oil
https://www.sciencedaily.com/releases/2022/01/220110145249.htm;consumption olive;olive oil benefits
https://www.sciencedaily.com/releases/2022/01/220110145249.htm;dietary recommendations;dietary guidelines
https://www.sciencedaily.com/releases/2022/01/220110145249.htm;dietary recommendations;diet recommendations
https://www.sciencedaily.com/releases/2022/01/220110145249.htm;dietary recommendations;nutrition
https://www.sciencedaily.com/releases/2022/01/220110145249.htm;intake olive;olive oil
https://www.sciencedaily.com/releases/2022/01/220110145249.htm;intake olive;olive oil daily intake
https://www.sciencedaily.com/releases/2022/01/220110145249.htm;intake olive;olive oil calories
https://www.sciencedaily.com/releases/2023/11/231122192152.htm;nutrient supplements;food supplements
https://www.sciencedaily.com/releases/2023/11/231122192152.htm;nutrient supplements;vitamin supplements
https://www.sciencedaily.com/releases/2023/11/231122192152.htm;nutrient supplements;what is a nutrient
https://www.sciencedaily.com/releases/2024/01/240110143927.htm;soy isoflavones;isoflavones in soy
https://www.sciencedaily.com/releases/2024/01/240110143927.htm;soy isoflavones;soy isoflavones benefits
https://www.sciencedaily.com/releases/2024/01/240110143927.htm;soy isoflavones;isoflavones benefits
https://www.sciencedaily.com/releases/2024/01/240110143927.htm;cancer foods;foods for cancer
https://www.sciencedaily.com/releases/2024/01/240110143927.htm;cancer foods;what is cancer
https://www.sciencedaily.com/releases/2024/01/240110143927.htm;cancer foods;cancer foods to eat
https://www.sciencedaily.com/releases/2024/01/240110143927.htm;intake soy;soy protein
https://www.sciencedaily.com/releases/2024/01/240110143927.htm;intake soy;protein
https://www.sciencedaily.com/releases/2024/01/240110143927.htm;intake soy;soy milk
https://www.sciencemediacentre.org/expert-reaction-to-study-on-the-vegetarian-diet-and-diabetes-risk/;diet linked;linked in
https://www.sciencemediacentre.org/expert-reaction-to-study-on-the-vegetarian-diet-and-diabetes-risk/;diet linked;heart disease
https://www.sciencemediacentre.org/expert-reaction-to-study-on-the-vegetarian-diet-and-diabetes-risk/;diet linked;diabetes
https://www.sciencemediacentre.org/expert-reaction-to-study-on-the-vegetarian-diet-and-diabetes-risk/;diet studies;healthy diet
https://www.sciencemediacentre.org/expert-reaction-to-study-on-the-vegetarian-diet-and-diabetes-risk/;diet studies;keto diet studies
https://www.sciencemediacentre.org/expert-reaction-to-study-on-the-vegetarian-diet-and-diabetes-risk/;diet studies;keto studies
https://www.sciencemediacentre.org/expert-reaction-to-study-on-the-vegetarian-diet-and-diabetes-risk/;diet health;health and diet
https://www.sciencemediacentre.org/expert-reaction-to-study-on-the-vegetarian-diet-and-diabetes-risk/;diet health;what is health
https://www.sciencemediacentre.org/expert-reaction-to-study-on-the-vegetarian-diet-and-diabetes-risk/;diet health;what is diet
https://www.smh.com.au/goodfood/tips-and-advice/is-cheese-actually-good-for-your-health-you-better-brie-lieve-it-20230929-p5e8n7.html;cheese consumption;what is consumption
https://www.smh.com.au/goodfood/tips-and-advice/is-cheese-actually-good-for-your-health-you-better-brie-lieve-it-20230929-p5e8n7.html;cheese consumption;cheese consumption per capita
https://www.smh.com.au/goodfood/tips-and-advice/is-cheese-actually-good-for-your-health-you-better-brie-lieve-it-20230929-p5e8n7.html;cheese consumption;cheese consumption by country
https://www.smh.com.au/goodfood/tips-and-advice/is-cheese-actually-good-for-your-health-you-better-brie-lieve-it-20230929-p5e8n7.html;unhealthy foods;healthy foods
https://www.smh.com.au/goodfood/tips-and-advice/is-cheese-actually-good-for-your-health-you-better-brie-lieve-it-20230929-p5e8n7.html;unhealthy foods;healthy
https://www.smh.com.au/goodfood/tips-and-advice/is-cheese-actually-good-for-your-health-you-better-brie-lieve-it-20230929-p5e8n7.html;unhealthy foods;food
https://www.smh.com.au/goodfood/tips-and-advice/is-cheese-actually-good-for-your-health-you-better-brie-lieve-it-20230929-p5e8n7.html;dietary habits;food habits
https://www.smh.com.au/goodfood/tips-and-advice/is-cheese-actually-good-for-your-health-you-better-brie-lieve-it-20230929-p5e8n7.html;dietary habits;eating habits
https://www.smh.com.au/goodfood/tips-and-advice/is-cheese-actually-good-for-your-health-you-better-brie-lieve-it-20230929-p5e8n7.html;dietary habits;poor dietary habits
https://www.taste.com.au/healthy/articles/the-sugar-free-diet/yc4b9bvp;contain sugars;carbohydrates contain
https://www.taste.com.au/healthy/articles/the-sugar-free-diet/yc4b9bvp;contain sugars;carbohydrates
https://www.taste.com.au/healthy/articles/the-sugar-free-diet/yc4b9bvp;contain sugars;simple sugars
https://www.taste.com.au/healthy/articles/the-sugar-free-diet/yc4b9bvp;kilojoules sugar;calories
https://www.taste.com.au/healthy/articles/the-sugar-free-diet/yc4b9bvp;kilojoules sugar;calories to kilojoules
https://www.taste.com.au/healthy/articles/the-sugar-free-diet/yc4b9bvp;kilojoules sugar;calories in sugar
https://www.taste.com.au/healthy/articles/the-sugar-free-diet/yc4b9bvp;limit sugar;sugar daily limit
https://www.taste.com.au/healthy/articles/the-sugar-free-diet/yc4b9bvp;limit sugar;sugar limit per day
https://www.taste.com.au/healthy/articles/the-sugar-free-diet/yc4b9bvp;limit sugar;added sugar
https://www.theguardian.com/society/2023/nov/16/plant-based-swaps-may-cut-diabetes-and-heart-disease-risk-major-review-finds;nutrition diabetes;nutrition for diabetes
https://www.theguardian.com/society/2023/nov/16/plant-based-swaps-may-cut-diabetes-and-heart-disease-risk-major-review-finds;nutrition diabetes;nutrition and diabetes
https://www.theguardian.com/society/2023/nov/16/plant-based-swaps-may-cut-diabetes-and-heart-disease-risk-major-review-finds;nutrition diabetes;nutrition facts
https://www.theguardian.com/society/2023/nov/16/plant-based-swaps-may-cut-diabetes-and-heart-disease-risk-major-review-finds;benefits meat;benefits of meat
https://www.theguardian.com/society/2023/nov/16/plant-based-swaps-may-cut-diabetes-and-heart-disease-risk-major-review-finds;benefits meat;health benefits
https://www.theguardian.com/society/2023/nov/16/plant-based-swaps-may-cut-diabetes-and-heart-disease-risk-major-review-finds;benefits meat;meat health benefits
https://www.theguardian.com/society/2023/nov/16/plant-based-swaps-may-cut-diabetes-and-heart-disease-risk-major-review-finds;diet health;health and diet
https://www.theguardian.com/society/2023/nov/16/plant-based-swaps-may-cut-diabetes-and-heart-disease-risk-major-review-finds;diet health;what is health
https://www.theguardian.com/society/2023/nov/16/plant-based-swaps-may-cut-diabetes-and-heart-disease-risk-major-review-finds;diet health;what is diet
https://www.thespruceeats.com/what-is-the-macrobiotic-diet-5188415;macrobiotic diet;what is macrobiotic
https://www.thespruceeats.com/what-is-the-macrobiotic-diet-5188415;macrobiotic diet;what is macrobiotic diet
https://www.thespruceeats.com/what-is-the-macrobiotic-diet-5188415;macrobiotic diet;the macrobiotic diet
https://www.verywellfit.com/what-is-a-no-sugar-diet-2507715;sugars diet;sugar
https://www.verywellfit.com/what-is-a-no-sugar-diet-2507715;sugars diet;what are sugars
https://www.verywellfit.com/what-is-a-no-sugar-diet-2507715;sugars diet;carbohydrates
https://www.verywellfit.com/what-is-a-no-sugar-diet-2507715;sugar diets;diet
https://www.verywellfit.com/what-is-a-no-sugar-diet-2507715;sugar diets;low sugar diets
https://www.verywellfit.com/what-is-a-no-sugar-diet-2507715;sugar diets;no sugar diets
https://www.verywellfit.com/what-is-a-no-sugar-diet-2507715;sugar diet;blood sugar
https://www.verywellfit.com/what-is-a-no-sugar-diet-2507715;sugar diet;blood sugar diet
https://www.verywellfit.com/what-is-a-no-sugar-diet-2507715;sugar diet;no sugar diet
https://www.verywellhealth.com/cardiovascular-benefit-whole-grains-5087731;grains healthy;healthy whole grains
https://www.verywellhealth.com/cardiovascular-benefit-whole-grains-5087731;grains healthy;whole grains
https://www.verywellhealth.com/cardiovascular-benefit-whole-grains-5087731;grains healthy;healthy food
https://www.verywellhealth.com/cardiovascular-benefit-whole-grains-5087731;grains diet;whole grains
https://www.verywellhealth.com/cardiovascular-benefit-whole-grains-5087731;grains diet;grains food
https://www.verywellhealth.com/cardiovascular-benefit-whole-grains-5087731;grains diet;what is grains
https://www.verywellhealth.com/cardiovascular-benefit-whole-grains-5087731;grain health;the health grain
https://www.verywellhealth.com/cardiovascular-benefit-whole-grains-5087731;grain health;grain food
https://www.verywellhealth.com/cardiovascular-benefit-whole-grains-5087731;grain health;health food
https://www.verywellhealth.com/mediterranean-diet-lean-beef-5184005;diet beef;ground beef
https://www.verywellhealth.com/mediterranean-diet-lean-beef-5184005;diet beef;ground beef diet
https://www.verywellhealth.com/mediterranean-diet-lean-beef-5184005;diet beef;keto diet
https://www.verywellhealth.com/mediterranean-diet-lean-beef-5184005;mediterranean diet;the mediterranean
https://www.verywellhealth.com/mediterranean-diet-lean-beef-5184005;mediterranean diet;the mediterranean diet
https://www.verywellhealth.com/mediterranean-diet-lean-beef-5184005;mediterranean diet;mediterranean recipes
https://www.verywellhealth.com/mediterranean-diet-lean-beef-5184005;mediterranean diets;diet mediterranean
https://www.verywellhealth.com/mediterranean-diet-lean-beef-5184005;mediterranean diets;diet
https://www.verywellhealth.com/mediterranean-diet-lean-beef-5184005;mediterranean diets;best diets
https://www.verywellhealth.com/red-meat-bad-for-you-8414588;meat diet;red meat diet
https://www.verywellhealth.com/red-meat-bad-for-you-8414588;meat diet;red meat
https://www.verywellhealth.com/red-meat-bad-for-you-8414588;meat diet;keto diet meat
https://www.verywellhealth.com/red-meat-bad-for-you-8414588;meats diet;keto
https://www.verywellhealth.com/red-meat-bad-for-you-8414588;meats diet;keto diet
https://www.verywellhealth.com/red-meat-bad-for-you-8414588;meats diet;keto diet meats
https://www.verywellhealth.com/red-meat-bad-for-you-8414588;diet meat;red meat diet
https://www.verywellhealth.com/red-meat-bad-for-you-8414588;diet meat;red meat
https://www.verywellhealth.com/red-meat-bad-for-you-8414588;diet meat;keto diet meat
https://www.wcrf.org/diet-activity-and-cancer/risk-factors/meat-fish-dairy-and-cancer-risk/;cancer dairy;breast cancer dairy
https://www.wcrf.org/diet-activity-and-cancer/risk-factors/meat-fish-dairy-and-cancer-risk/;cancer dairy;breast cancer
https://www.wcrf.org/diet-activity-and-cancer/risk-factors/meat-fish-dairy-and-cancer-risk/;cancer dairy;dairy milk
https://www.wcrf.org/diet-activity-and-cancer/risk-factors/meat-fish-dairy-and-cancer-risk/;foods meat;food
https://www.wcrf.org/diet-activity-and-cancer/risk-factors/meat-fish-dairy-and-cancer-risk/;foods meat;whole foods
https://www.wcrf.org/diet-activity-and-cancer/risk-factors/meat-fish-dairy-and-cancer-risk/;foods meat;whole foods meat
https://www.wcrf.org/diet-activity-and-cancer/risk-factors/meat-fish-dairy-and-cancer-risk/;animal foods;food
https://www.wcrf.org/diet-activity-and-cancer/risk-factors/meat-fish-dairy-and-cancer-risk/;animal foods;animal food
https://www.wcrf.org/diet-activity-and-cancer/risk-factors/meat-fish-dairy-and-cancer-risk/;animal foods;protein
https://www.webmd.com/diet/foods-high-in-sugar;reduce sugar;reduce blood sugar
https://www.webmd.com/diet/foods-high-in-sugar;reduce sugar;how to
https://www.webmd.com/diet/foods-high-in-sugar;reduce sugar;blood sugar
https://www.webmd.com/diet/foods-high-in-sugar;sugars diet;sugar
https://www.webmd.com/diet/foods-high-in-sugar;sugars diet;what are sugars
https://www.webmd.com/diet/foods-high-in-sugar;sugars diet;carbohydrates
https://www.webmd.com/diet/foods-high-in-sugar;sugar diet;blood sugar
https://www.webmd.com/diet/foods-high-in-sugar;sugar diet;blood sugar diet
https://www.webmd.com/diet/foods-high-in-sugar;sugar diet;no sugar diet
https://www.webmd.com/food-recipes/ss/slideshow-cheeses-to-try-for-healthy-eating;parmesan lactose;parmesan cheese
https://www.webmd.com/food-recipes/ss/slideshow-cheeses-to-try-for-healthy-eating;parmesan lactose;parmesan lactose free
https://www.webmd.com/food-recipes/ss/slideshow-cheeses-to-try-for-healthy-eating;parmesan lactose;lactose free
https://www.webmd.com/food-recipes/ss/slideshow-cheeses-to-try-for-healthy-eating;vegan cheese;vegan mac cheese
https://www.webmd.com/food-recipes/ss/slideshow-cheeses-to-try-for-healthy-eating;vegan cheese;mac and cheese vegan
https://www.webmd.com/food-recipes/ss/slideshow-cheeses-to-try-for-healthy-eating;vegan cheese;mac and cheese
https://www.webmd.com/food-recipes/ss/slideshow-cheeses-to-try-for-healthy-eating;digest cheese;cottage cheese
https://www.webmd.com/food-recipes/ss/slideshow-cheeses-to-try-for-healthy-eating;digest cheese;cream cheese
https://www.webmd.com/food-recipes/ss/slideshow-cheeses-to-try-for-healthy-eating;digest cheese;goat cheese
https://www.webmd.com/vitamins-and-supplements/what-to-know-about-benefits-of-zinc;zinc health;zinc for health
https://www.webmd.com/vitamins-and-supplements/what-to-know-about-benefits-of-zinc;zinc health;zinc benefits
https://www.webmd.com/vitamins-and-supplements/what-to-know-about-benefits-of-zinc;zinc health;zinc health benefits
https://www.webmd.com/vitamins-and-supplements/what-to-know-about-benefits-of-zinc;zinc diet;zinc in diet
https://www.webmd.com/vitamins-and-supplements/what-to-know-about-benefits-of-zinc;zinc diet;zinc foods
https://www.webmd.com/vitamins-and-supplements/what-to-know-about-benefits-of-zinc;zinc diet;zinc vitamin
https://www.webmd.com/vitamins-and-supplements/what-to-know-about-benefits-of-zinc;diet zinc;zinc in diet
https://www.webmd.com/vitamins-and-supplements/what-to-know-about-benefits-of-zinc;diet zinc;zinc foods
https://www.webmd.com/vitamins-and-supplements/what-to-know-about-benefits-of-zinc;diet zinc;zinc vitamin
https://health.clevelandclinic.org/pescatarian-diet;meat diet;red meat diet
https://health.clevelandclinic.org/pescatarian-diet;meat diet;red meat
https://health.clevelandclinic.org/pescatarian-diet;meat diet;keto diet meat
https://health.clevelandclinic.org/pescatarian-diet;pescatarian diet;what is pescatarian diet
https://health.clevelandclinic.org/pescatarian-diet;pescatarian diet;what is pescatarian
https://health.clevelandclinic.org/pescatarian-diet;pescatarian diet;vegetarian
https://health.clevelandclinic.org/pescatarian-diet;foods pescatarian;pescatarian diet
https://health.clevelandclinic.org/pescatarian-diet;foods pescatarian;vegetarian
https://health.clevelandclinic.org/pescatarian-diet;foods pescatarian;vegetarian foods
https://news.cancerresearchuk.org/2021/03/17/bacon-salami-and-sausages-how-does-processed-meat-cause-cancer-and-how-much-matters/;meat cancer;red meat cancer
https://news.cancerresearchuk.org/2021/03/17/bacon-salami-and-sausages-how-does-processed-meat-cause-cancer-and-how-much-matters/;meat cancer;red meat
https://news.cancerresearchuk.org/2021/03/17/bacon-salami-and-sausages-how-does-processed-meat-cause-cancer-and-how-much-matters/;meat cancer;cancer and meat
https://news.cancerresearchuk.org/2021/03/17/bacon-salami-and-sausages-how-does-processed-meat-cause-cancer-and-how-much-matters/;meat bowel;bowel cancer
https://news.cancerresearchuk.org/2021/03/17/bacon-salami-and-sausages-how-does-processed-meat-cause-cancer-and-how-much-matters/;meat bowel;red meat
https://news.cancerresearchuk.org/2021/03/17/bacon-salami-and-sausages-how-does-processed-meat-cause-cancer-and-how-much-matters/;meat bowel;red meat bowel cancer
https://news.cancerresearchuk.org/2021/03/17/bacon-salami-and-sausages-how-does-processed-meat-cause-cancer-and-how-much-matters/;red meat;what is red meat
https://news.cancerresearchuk.org/2021/03/17/bacon-salami-and-sausages-how-does-processed-meat-cause-cancer-and-how-much-matters/;red meat;pork red meat
https://news.cancerresearchuk.org/2021/03/17/bacon-salami-and-sausages-how-does-processed-meat-cause-cancer-and-how-much-matters/;red meat;pork
https://type2diabetesrevolution.com/effects-plant-based-diets-blood-sugar-type-2-diabetes/;diabetes diets;diets for diabetes
https://type2diabetesrevolution.com/effects-plant-based-diets-blood-sugar-type-2-diabetes/;diabetes diets;diabetes diet
https://type2diabetesrevolution.com/effects-plant-based-diets-blood-sugar-type-2-diabetes/;diabetes diets;diet
https://newsroom.heart.org/news/eating-more-plant-foods-may-lower-heart-disease-risk-in-young-adults-older-women;diet cardiovascular;cardiovascular disease
https://newsroom.heart.org/news/eating-more-plant-foods-may-lower-heart-disease-risk-in-young-adults-older-women;diet cardiovascular;what is cardiovascular
https://newsroom.heart.org/news/eating-more-plant-foods-may-lower-heart-disease-risk-in-young-adults-older-women;diet cardiovascular;diet for cardiovascular disease
https://newsroom.heart.org/news/eating-more-plant-foods-may-lower-heart-disease-risk-in-young-adults-older-women;foods diets;diet
https://newsroom.heart.org/news/eating-more-plant-foods-may-lower-heart-disease-risk-in-young-adults-older-women;foods diets;food diets
https://newsroom.heart.org/news/eating-more-plant-foods-may-lower-heart-disease-risk-in-young-adults-older-women;foods diets;best diets
https://newsroom.heart.org/news/eating-more-plant-foods-may-lower-heart-disease-risk-in-young-adults-older-women;diet heart;diet for heart
https://newsroom.heart.org/news/eating-more-plant-foods-may-lower-heart-disease-risk-in-young-adults-older-women;diet heart;healthy diet
https://newsroom.heart.org/news/eating-more-plant-foods-may-lower-heart-disease-risk-in-young-adults-older-women;diet heart;heart healthy
