LINK;KEYWORD;TOP QUERY
https://www.americandairy.com/health-wellness/benefits-of-dairy/diabetes-and-dairy/;diabetes dairy;what is diabetes
https://www.americandairy.com/health-wellness/benefits-of-dairy/diabetes-and-dairy/;diabetes dairy;dairy milk
https://www.americandairy.com/health-wellness/benefits-of-dairy/diabetes-and-dairy/;diabetes dairy;dairy products
https://www.americandairy.com/health-wellness/benefits-of-dairy/diabetes-and-dairy/;prevention diabetes;prevention of diabetes
https://www.americandairy.com/health-wellness/benefits-of-dairy/diabetes-and-dairy/;prevention diabetes;prevention for diabetes
https://www.americandairy.com/health-wellness/benefits-of-dairy/diabetes-and-dairy/;prevention diabetes;diabetes prevention program
https://www.americandairy.com/health-wellness/benefits-of-dairy/diabetes-and-dairy/;diabetes managing;managing diabetes type 2
https://www.americandairy.com/health-wellness/benefits-of-dairy/diabetes-and-dairy/;diabetes managing;diabetes type 2
https://www.americandairy.com/health-wellness/benefits-of-dairy/diabetes-and-dairy/;diabetes managing;what is diabetes
https://www.sciencedaily.com/releases/2017/09/170905134506.htm;meat diabetes;diabetes and meat
https://www.sciencedaily.com/releases/2017/09/170905134506.htm;meat diabetes;diabetes red meat
https://www.sciencedaily.com/releases/2017/09/170905134506.htm;meat diabetes;red meat
https://www.sciencedaily.com/releases/2017/09/170905134506.htm;diabetes meats;what is diabetes
https://www.sciencedaily.com/releases/2017/09/170905134506.htm;diabetes meats;type 2 diabetes
https://www.sciencedaily.com/releases/2017/09/170905134506.htm;diabetes meats;meats for diabetics
https://www.sciencedaily.com/releases/2017/09/170905134506.htm;meat diet;the meat diet
https://www.sciencedaily.com/releases/2017/09/170905134506.htm;meat diet;red meat
https://www.sciencedaily.com/releases/2017/09/170905134506.htm;meat diet;red meat diet
https://www.everydayhealth.com/type-2-diabetes/diet/guide-eating-dairy-with-diabetes/#:~:text=The%20Best%20Dairy%20Choices%20to%20Make%20When%20You,2%20String%20Cheese%20...%203%20Grass-Fed%20Dairy%20;dairy diabetes;what is diabetes
https://www.everydayhealth.com/type-2-diabetes/diet/guide-eating-dairy-with-diabetes/#:~:text=The%20Best%20Dairy%20Choices%20to%20Make%20When%20You,2%20String%20Cheese%20...%203%20Grass-Fed%20Dairy%20;dairy diabetes;dairy milk
https://www.everydayhealth.com/type-2-diabetes/diet/guide-eating-dairy-with-diabetes/#:~:text=The%20Best%20Dairy%20Choices%20to%20Make%20When%20You,2%20String%20Cheese%20...%203%20Grass-Fed%20Dairy%20;dairy diabetes;dairy products
https://www.everydayhealth.com/type-2-diabetes/diet/guide-eating-dairy-with-diabetes/#:~:text=The%20Best%20Dairy%20Choices%20to%20Make%20When%20You,2%20String%20Cheese%20...%203%20Grass-Fed%20Dairy%20;dairy recommendations;vegetables
https://www.everydayhealth.com/type-2-diabetes/diet/guide-eating-dairy-with-diabetes/#:~:text=The%20Best%20Dairy%20Choices%20to%20Make%20When%20You,2%20String%20Cheese%20...%203%20Grass-Fed%20Dairy%20;dairy recommendations;grains
https://www.everydayhealth.com/type-2-diabetes/diet/guide-eating-dairy-with-diabetes/#:~:text=The%20Best%20Dairy%20Choices%20to%20Make%20When%20You,2%20String%20Cheese%20...%203%20Grass-Fed%20Dairy%20;dairy recommendations;myplate recommendations
https://www.everydayhealth.com/type-2-diabetes/diet/guide-eating-dairy-with-diabetes/#:~:text=The%20Best%20Dairy%20Choices%20to%20Make%20When%20You,2%20String%20Cheese%20...%203%20Grass-Fed%20Dairy%20;diabetes dairy;what is diabetes
https://www.everydayhealth.com/type-2-diabetes/diet/guide-eating-dairy-with-diabetes/#:~:text=The%20Best%20Dairy%20Choices%20to%20Make%20When%20You,2%20String%20Cheese%20...%203%20Grass-Fed%20Dairy%20;diabetes dairy;dairy milk
https://www.everydayhealth.com/type-2-diabetes/diet/guide-eating-dairy-with-diabetes/#:~:text=The%20Best%20Dairy%20Choices%20to%20Make%20When%20You,2%20String%20Cheese%20...%203%20Grass-Fed%20Dairy%20;diabetes dairy;dairy products
https://type2diabetesrevolution.com/effects-plant-based-diets-blood-sugar-type-2-diabetes/;diabetes diets;diets for diabetes
https://type2diabetesrevolution.com/effects-plant-based-diets-blood-sugar-type-2-diabetes/;diabetes diets;diabetes diet
https://type2diabetesrevolution.com/effects-plant-based-diets-blood-sugar-type-2-diabetes/;diabetes diets;diet
https://www.sciencemediacentre.org/expert-reaction-to-study-on-the-vegetarian-diet-and-diabetes-risk/;diet linked;carbohydrates
https://www.sciencemediacentre.org/expert-reaction-to-study-on-the-vegetarian-diet-and-diabetes-risk/;diet linked;keto diet
https://www.sciencemediacentre.org/expert-reaction-to-study-on-the-vegetarian-diet-and-diabetes-risk/;diet linked;hypertension
https://www.sciencemediacentre.org/expert-reaction-to-study-on-the-vegetarian-diet-and-diabetes-risk/;diet health;diet and health
https://www.sciencemediacentre.org/expert-reaction-to-study-on-the-vegetarian-diet-and-diabetes-risk/;diet health;what is diet
https://www.sciencemediacentre.org/expert-reaction-to-study-on-the-vegetarian-diet-and-diabetes-risk/;diet health;what is health
https://www.cancer.org.au/cancer-information/causes-and-prevention/diet-and-exercise/food-and-nutrition/dairy-products;consume dairy;what is dairy
https://www.cancer.org.au/cancer-information/causes-and-prevention/diet-and-exercise/food-and-nutrition/dairy-products;consume dairy;dairy products
https://www.cancer.org.au/cancer-information/causes-and-prevention/diet-and-exercise/food-and-nutrition/dairy-products;consume dairy;dairy foods
https://www.cancer.org.au/cancer-information/causes-and-prevention/diet-and-exercise/food-and-nutrition/dairy-products;dairy cancer;dairy and cancer
https://www.cancer.org.au/cancer-information/causes-and-prevention/diet-and-exercise/food-and-nutrition/dairy-products;dairy cancer;breast cancer dairy
https://www.cancer.org.au/cancer-information/causes-and-prevention/diet-and-exercise/food-and-nutrition/dairy-products;dairy cancer;breast cancer
https://www.cancer.org.au/cancer-information/causes-and-prevention/diet-and-exercise/food-and-nutrition/dairy-products;dairy foods;dairy free foods
https://www.cancer.org.au/cancer-information/causes-and-prevention/diet-and-exercise/food-and-nutrition/dairy-products;dairy foods;dairy free
https://www.cancer.org.au/cancer-information/causes-and-prevention/diet-and-exercise/food-and-nutrition/dairy-products;dairy foods;dairy food
https://www.pcrm.org/news/news-releases/dairy-consumption-linked-prostate-ovarian-breast-cancers-finds-new-narrative;risk dairy;dairy products
https://www.pcrm.org/news/news-releases/dairy-consumption-linked-prostate-ovarian-breast-cancers-finds-new-narrative;risk dairy;high risk food
https://www.pcrm.org/news/news-releases/dairy-consumption-linked-prostate-ovarian-breast-cancers-finds-new-narrative;risk dairy;high risk foods
https://www.pcrm.org/news/news-releases/dairy-consumption-linked-prostate-ovarian-breast-cancers-finds-new-narrative;dairy consumption;milk consumption
https://www.pcrm.org/news/news-releases/dairy-consumption-linked-prostate-ovarian-breast-cancers-finds-new-narrative;dairy consumption;dairy milk
https://www.pcrm.org/news/news-releases/dairy-consumption-linked-prostate-ovarian-breast-cancers-finds-new-narrative;dairy consumption;milk
https://www.pcrm.org/news/news-releases/dairy-consumption-linked-prostate-ovarian-breast-cancers-finds-new-narrative;consuming dairy;dairy products
https://www.pcrm.org/news/news-releases/dairy-consumption-linked-prostate-ovarian-breast-cancers-finds-new-narrative;consuming dairy;lactose intolerance
https://www.pcrm.org/news/news-releases/dairy-consumption-linked-prostate-ovarian-breast-cancers-finds-new-narrative;consuming dairy;osteoporosis
https://www.wcrf.org/diet-activity-and-cancer/risk-factors/wholegrains-vegetables-fruit-and-cancer-risk/;cancer foods;foods for cancer
https://www.wcrf.org/diet-activity-and-cancer/risk-factors/wholegrains-vegetables-fruit-and-cancer-risk/;cancer foods;what is cancer
https://www.wcrf.org/diet-activity-and-cancer/risk-factors/wholegrains-vegetables-fruit-and-cancer-risk/;cancer foods;cancer foods to eat
